mean,std
0.11666666666666665,0.004714045207910314
1.2,0.08164965809277258
0.12666666666666668,0.004714045207910321
1.2,0.08164965809277258
0.14333333333333334,0.004714045207910308
1.3,0.08164965809277258
0.15,0.008164965809277256
1.2,0.08164965809277258
